phone,name,Param1
1260490470,Khaled Fahmy,https://shady-mo20.github.io/qr/guest_1.html
1042919168,Mohamed Gamal,https://shady-mo20.github.io/qr/guest_2.html
1093710819,Ahmed Salem,https://shady-mo20.github.io/qr/guest_3.html
1541115070,Sara Hassan,https://shady-mo20.github.io/qr/guest_4.html
1054280900,Layla Fahmy,https://shady-mo20.github.io/qr/guest_5.html
1577148857,Khaled Mahmoud,https://shady-mo20.github.io/qr/guest_6.html
1265018086,Layla Nabil,https://shady-mo20.github.io/qr/guest_7.html
1271228000,Fatma Ibrahim,https://shady-mo20.github.io/qr/guest_8.html
1159247588,Fatma Fahmy,https://shady-mo20.github.io/qr/guest_9.html
1068147514,Ahmed Tarek,https://shady-mo20.github.io/qr/guest_10.html
1066009293,Ahmed Zaki,https://shady-mo20.github.io/qr/guest_11.html
1537559600,Mohamed Ali,https://shady-mo20.github.io/qr/guest_12.html
1298464628,Sara Nabil,https://shady-mo20.github.io/qr/guest_13.html
1593448267,Fatma Gamal,https://shady-mo20.github.io/qr/guest_14.html
1094529292,Layla Mahmoud,https://shady-mo20.github.io/qr/guest_15.html
1051450557,Mostafa Ibrahim,https://shady-mo20.github.io/qr/guest_16.html
1186819080,Sara Nabil,https://shady-mo20.github.io/qr/guest_17.html
1180671644,Layla Gamal,https://shady-mo20.github.io/qr/guest_18.html
1254244839,Layla Fahmy,https://shady-mo20.github.io/qr/guest_19.html
1068702651,Sara Fahmy,https://shady-mo20.github.io/qr/guest_20.html
1015259443,shady,https://shady-mo20.github.io/qr/guest_21.html
